<?xml version="1.0" encoding="UTF-8" standalone="yes"?>
<addon id="repository.heliummarcos" name="Repo-HeliumMarcos" version="1.0.1" provider-name="Helium Marcos">
    <extension point="xbmc.addon.repository" name="Example Repository">
        <dir>
            <info compressed="false">https://raw.githubusercontent.com/HeliumMarcos/repository.heliummarcos/master/repo/zips/addons.xml</info>
            <checksum>https://raw.githubusercontent.com/HeliumMarcos/repository.heliummarcos/master/repo/zips/addons.xml.md5</checksum>
            <datadir zip="true">https://raw.githubusercontent.com/HeliumMarcos/repository.heliummarcos/master/repo/zips/</datadir>
        </dir>
    </extension>
    <extension point="xbmc.addon.metadata">
        <summary>De tudo</summary>
        <description>Aqui tem os itens necessarios!!!</description>
        <disclaimer></disclaimer>
        <platform>all</platform>
        <assets>
            <icon>icon.png</icon>
            <fanart>fanart.jpg</fanart>
        </assets>
    </extension>
</addon>
