<?xml version="1.0" encoding="UTF-8" standalone="yes"?>
<addon id="plugin.program.helium-wizard" name="[COLOR limegreen]Helium[/COLOR]Wizard" version="1.0.0" provider-name="Helium Marcos">
    <requires>
        <import addon="xbmc.python" version="3.0.0" />
        <import addon="script.module.requests" />
        <import addon="script.module.six" />
        <import addon="script.kodi.android.update" optional="true" version="1.1.7" />
        <import addon="script.speedtester" optional="true" version="1.1.2" />
    </requires>
    
    <extension point="xbmc.python.pluginsource" library="default.py">
        <provides>executable</provides>
    </extension>
    
    <extension point="xbmc.service" library="startup.py" start="startup" />
    
    <extension point="xbmc.addon.metadata">
        <summary lang="pt">[COLOR limegreen]Helium[/COLOR]Wizard</summary>
        <description lang="pt">[COLOR limegreen]Helium[/COLOR]Wizard Oferece diversos recursos de manutenção, salvamento seletivo de dados adicionais e instalações de Builds automatizadas..</description>
        <platform>all</platform>
        <reuselanguageinvoker>false</reuselanguageinvoker>
        <source>https://heliummarcos.github.io/repository.heliummarcos/</source>
        <news>
1.0.0
 - Initial Commit
        </news>
        <assets>
            <icon>icon.png</icon>
            <fanart>fanart.png</fanart>
        </assets>
    </extension>
</addon>
