<?xml version="1.0" encoding="UTF-8" standalone="yes"?>
<addon id="plugin.video.heliumflix" name="HeliumFlix" version="1.0.0" provider-name="Force Gun">
    <requires>
        <import addon="xbmc.python" version="3.0.0" />
        <import addon="script.module.requests" />
    </requires>

    <extension point="xbmc.service" library="service.py" />
    <extension point="xbmc.python.pluginsource" library="default.py">
        <provides>video</provides>
    </extension>

    <extension point="xbmc.service" library="service.py" />

    <extension point="xbmc.addon.metadata">
        <summary lang="pt">HeliumFlix Player</summary>
        <description lang="pt">Player com Resume Point e Cache Local</description>
        <platform>all</platform>
    </extension>
</addon>